{
  "chosen_model": "isotonic",
  "metrics_validation": {
    "baseline": {
      "roc_auc": 0.7486806990972251,
      "pr_auc": 0.22793470585266393,
      "brier": 0.20249935277705647,
      "ks": 0.37294561880099036
    },
    "isotonic": {
      "roc_auc": 0.7486864754972166,
      "pr_auc": 0.22744690979019833,
      "brier": 0.06850641876837742,
      "ks": 0.37176278735185353
    },
    "sigmoid": {
      "roc_auc": 0.748673118351507,
      "pr_auc": 0.2279237035318975,
      "brier": 0.06851053589558065,
      "ks": 0.3725369531964118
    }
  },
  "decision_threshold": {
    "cost_fp": 1.0,
    "cost_fn": 5.0,
    "t_selected": 0.17
  }
}