{
  "stats": {
    "AMT_INCOME_TOTAL": {
      "mean": 168797.9192969845,
      "std": 237122.76072624337,
      "p10": 81000.0,
      "p25": 112500.0,
      "p50": 147150.0,
      "p75": 202500.0,
      "p90": 270000.0
    },
    "AMT_CREDIT": {
      "mean": 599025.9997057016,
      "std": 402490.12256218557,
      "p10": 180000.0,
      "p25": 270000.0,
      "p50": 513531.0,
      "p75": 808650.0,
      "p90": 1133748.0
    },
    "AMT_ANNUITY": {
      "mean": 27108.573909183444,
      "std": 14493.713747969987,
      "p10": 11074.5,
      "p25": 16524.0,
      "p50": 24903.0,
      "p75": 34596.0,
      "p90": 45954.0
    },
    "AGE_YEARS": {
      "mean": 43.906899566990106,
      "std": 11.947930283688283,
      "p10": 28.15605749486653,
      "p25": 33.98494182067078,
      "p50": 43.121149897330596,
      "p75": 53.88637919233402,
      "p90": 60.72826830937714
    },
    "REG_YEARS": {
      "mean": 13.651253463486432,
      "std": 9.645121404224176,
      "p10": 1.88911704312115,
      "p25": 5.503080082135524,
      "p50": 12.331279945242985,
      "p75": 20.477754962354553,
      "p90": 27.19233401779603
    },
    "CREDIT_INCOME_RATIO": {
      "mean": 3.957570238062716,
      "std": 2.689723812063605,
      "p10": 1.331764705882353,
      "p25": 2.018666666666667,
      "p50": 3.265066666666667,
      "p75": 5.15988,
      "p90": 7.4875
    },
    "ANNUITY_INCOME_RATIO": {
      "mean": 0.18093001093586664,
      "std": 0.09457364731167309,
      "p10": 0.08,
      "p25": 0.11478181818181818,
      "p50": 0.16283333333333333,
      "p75": 0.22906666666666667,
      "p90": 0.30164200000000013
    }
  }
}