{
  "by_age_contract": {
    "(17.999, 30.0]|Cash loans": {
      "AMT_INCOME_TOTAL": {
        "mean": 162385.33239520492,
        "std": 86950.16940907866
      },
      "AMT_CREDIT": {
        "mean": 523497.8619071146,
        "std": 350901.341587559
      },
      "AMT_ANNUITY": {
        "mean": 26903.745663537306,
        "std": 12980.895633282222
      },
      "AGE_YEARS": {
        "mean": 26.847108661265292,
        "std": 2.1944062898288776
      },
      "REG_YEARS": {
        "mean": 10.200289422329336,
        "std": 7.20189012229965
      },
      "CREDIT_INCOME_RATIO": {
        "mean": 3.499738147459784,
        "std": 2.273823642683307
      },
      "ANNUITY_INCOME_RATIO": {
        "mean": 0.18205464843074806,
        "std": 0.08621786974755552
      }
    },
    "(17.999, 30.0]|Revolving loans": {
      "AMT_INCOME_TOTAL": {
        "mean": 143375.60935364044,
        "std": 99789.15414573989
      },
      "AMT_CREDIT": {
        "mean": 244845.46805349182,
        "std": 179472.73538596497
      },
      "AMT_ANNUITY": {
        "mean": 12303.120356612184,
        "std": 9858.26711225353
      },
      "AGE_YEARS": {
        "mean": 25.296669727933708,
        "std": 2.7226883800169057
      },
      "REG_YEARS": {
        "mean": 10.844421934130889,
        "std": 7.412325704390041
      },
      "CREDIT_INCOME_RATIO": {
        "mean": 1.8816585088712714,
        "std": 0.8882104717140757
      },
      "ANNUITY_INCOME_RATIO": {
        "mean": 0.09414611089605064,
        "std": 0.04454482880562523
      }
    },
    "(30.0, 40.0]|Cash loans": {
      "AMT_INCOME_TOTAL": {
        "mean": 179201.284338348,
        "std": 441831.1144313703
      },
      "AMT_CREDIT": {
        "mean": 630378.2084778575,
        "std": 402672.0207045882
      },
      "AMT_ANNUITY": {
        "mean": 29092.77449280039,
        "std": 14203.742749917852
      },
      "AGE_YEARS": {
        "mean": 35.12474220844647,
        "std": 2.9098989918100338
      },
      "REG_YEARS": {
        "mean": 10.392639796366504,
        "std": 7.310411965759678
      },
      "CREDIT_INCOME_RATIO": {
        "mean": 3.946226568574249,
        "std": 2.5796529747473502
      },
      "ANNUITY_INCOME_RATIO": {
        "mean": 0.18391868414389487,
        "std": 0.09104615394754602
      }
    },
    "(30.0, 40.0]|Revolving loans": {
      "AMT_INCOME_TOTAL": {
        "mean": 176142.3573490649,
        "std": 144619.81774291405
      },
      "AMT_CREDIT": {
        "mean": 325841.9103803188,
        "std": 240643.25240090486
      },
      "AMT_ANNUITY": {
        "mean": 16371.030500815865,
        "std": 12806.523594572189
      },
      "AGE_YEARS": {
        "mean": 35.09246139985208,
        "std": 2.900981697506985
      },
      "REG_YEARS": {
        "mean": 10.439701001401485,
        "std": 7.516630273594053
      },
      "CREDIT_INCOME_RATIO": {
        "mean": 2.0781941686903136,
        "std": 0.9937390909081251
      },
      "ANNUITY_INCOME_RATIO": {
        "mean": 0.10400844284690329,
        "std": 0.04991676967268064
      }
    },
    "(40.0, 50.0]|Cash loans": {
      "AMT_INCOME_TOTAL": {
        "mean": 180656.6220799269,
        "std": 126723.79171328769
      },
      "AMT_CREDIT": {
        "mean": 687916.639407853,
        "std": 417061.6311411527
      },
      "AMT_ANNUITY": {
        "mean": 29926.608345808385,
        "std": 14422.939293075906
      },
      "AGE_YEARS": {
        "mean": 44.765438743977654,
        "std": 2.880188632939537
      },
      "REG_YEARS": {
        "mean": 13.6634794562082,
        "std": 8.808529935383003
      },
      "CREDIT_INCOME_RATIO": {
        "mean": 4.289455301508573,
        "std": 2.742648477909963
      },
      "ANNUITY_INCOME_RATIO": {
        "mean": 0.18799678568628067,
        "std": 0.09376884381577004
      }
    },
    "(40.0, 50.0]|Revolving loans": {
      "AMT_INCOME_TOTAL": {
        "mean": 179177.5254046446,
        "std": 132806.26354315618
      },
      "AMT_CREDIT": {
        "mean": 360478.18437719916,
        "std": 245619.67451017714
      },
      "AMT_ANNUITY": {
        "mean": 18204.5742434905,
        "std": 14029.087519662646
      },
      "AGE_YEARS": {
        "mean": 44.65379491455295,
        "std": 2.8753902006268177
      },
      "REG_YEARS": {
        "mean": 13.434959811298308,
        "std": 8.872030302868819
      },
      "CREDIT_INCOME_RATIO": {
        "mean": 2.2235894945202737,
        "std": 0.9984144696545539
      },
      "ANNUITY_INCOME_RATIO": {
        "mean": 0.11152184113966378,
        "std": 0.0512148789521161
      }
    },
    "(50.0, 60.0]|Cash loans": {
      "AMT_INCOME_TOTAL": {
        "mean": 164786.7146451206,
        "std": 102037.04578412144
      },
      "AMT_CREDIT": {
        "mean": 671908.1750770262,
        "std": 415542.6088031275
      },
      "AMT_ANNUITY": {
        "mean": 28371.75961461709,
        "std": 14448.779515071907
      },
      "AGE_YEARS": {
        "mean": 54.98469329168754,
        "std": 2.843419675447061
      },
      "REG_YEARS": {
        "mean": 17.082665722420433,
        "std": 10.565055295645958
      },
      "CREDIT_INCOME_RATIO": {
        "mean": 4.576152195311668,
        "std": 2.9397042147957397
      },
      "ANNUITY_INCOME_RATIO": {
        "mean": 0.19490888986065047,
        "std": 0.09918837049902954
      }
    },
    "(50.0, 60.0]|Revolving loans": {
      "AMT_INCOME_TOTAL": {
        "mean": 168438.41203365033,
        "std": 122385.73744234213
      },
      "AMT_CREDIT": {
        "mean": 362765.17922457936,
        "std": 254161.58696364673
      },
      "AMT_ANNUITY": {
        "mean": 18276.929407461594,
        "std": 14142.525612667827
      },
      "AGE_YEARS": {
        "mean": 54.90797206270619,
        "std": 2.845764842357109
      },
      "REG_YEARS": {
        "mean": 16.84321147694232,
        "std": 10.641084440391634
      },
      "CREDIT_INCOME_RATIO": {
        "mean": 2.374043315847502,
        "std": 1.1416211420016855
      },
      "ANNUITY_INCOME_RATIO": {
        "mean": 0.11899850671352775,
        "std": 0.05892739285281479
      }
    },
    "(60.0, 80.0]|Cash loans": {
      "AMT_INCOME_TOTAL": {
        "mean": 138017.3861534994,
        "std": 76396.69494402554
      },
      "AMT_CREDIT": {
        "mean": 535416.0405234847,
        "std": 385906.4474957492
      },
      "AMT_ANNUITY": {
        "mean": 24144.54208612555,
        "std": 13369.164397732433
      },
      "AGE_YEARS": {
        "mean": 63.40526347844078,
        "std": 2.22912181854049
      },
      "REG_YEARS": {
        "mean": 18.97601418676825,
        "std": 11.997513327478641
      },
      "CREDIT_INCOME_RATIO": {
        "mean": 4.245243513100771,
        "std": 2.9924809788515008
      },
      "ANNUITY_INCOME_RATIO": {
        "mean": 0.1963218579533214,
        "std": 0.10397138132963651
      }
    },
    "(60.0, 80.0]|Revolving loans": {
      "AMT_INCOME_TOTAL": {
        "mean": 151491.53459432552,
        "std": 95220.06937465552
      },
      "AMT_CREDIT": {
        "mean": 347602.0408163265,
        "std": 243667.56466853482
      },
      "AMT_ANNUITY": {
        "mean": 17536.336485813837,
        "std": 13667.116999441538
      },
      "AGE_YEARS": {
        "mean": 62.263130083004306,
        "std": 1.3701049177653855
      },
      "REG_YEARS": {
        "mean": 18.959097476823153,
        "std": 12.012414242149205
      },
      "CREDIT_INCOME_RATIO": {
        "mean": 2.4608786255043755,
        "std": 1.0994934690304916
      },
      "ANNUITY_INCOME_RATIO": {
        "mean": 0.12337680832847912,
        "std": 0.055912478906351426
      }
    }
  }
}